neuron_type,group,observed,se
SR,CIT,0.6232043664422646,0.002792614368686028
SR,DIS,0.4730431941983863,0.0026554017435507344
SR,SAL,0.5118708223172971,0.003194592299197243
SIR,CIT,0.5050139071612376,0.0027065503535987994
SIR,DIS,0.6415349213766841,0.0024799454197869716
SIR,SAL,0.22819028565236898,0.0033152983431463025
FF,CIT,0.6365141682948129,0.009486218175410215
FF,DIS,0.601142262321316,0.0052555523041355415
FF,SAL,0.627828168104977,0.004585332218057208
