pop_true,shuffle,session_name
0.48302129398198945,0.4200234671516824,hamilton_01
0.5709429025254626,0.42002921399836757,hamilton_02
0.48049962686854464,0.4186497113346159,hamilton_13
0.5297032819575149,0.4158043649192951,hamilton_14
0.7448124419612655,0.42042688696107977,hamilton_23
0.5695750286107591,0.4237077427830077,hamilton_07
0.7912551581736356,0.4222909685433603,hamilton_08
0.8220829920806214,0.4219092663985605,hamilton_19
0.7511907920692269,0.42244962803144775,hamilton_20
